fecha,jugador_id,clan_id,clan_desde,moneda_cantidad,servidor_id,version_id,nivel_cuenta,tiempo_medio_min_por_sesion
2025-08-31,U001,C001,2025-08-14,1181,S2,V102,19,15.0
2025-08-31,U002,C001,2025-08-13,1128,S3,V102,33,38.0
2025-08-31,U003,C003,2025-08-11,755,S3,V102,28,34.0
2025-08-31,U004,,,1603,S3,V102,26,33.0
2025-08-31,U005,C003,2025-08-18,1839,S3,V102,20,17.0
2025-08-31,U006,C002,2025-08-06,1860,S3,V102,22,30.0
2025-08-31,U007,C004,2025-08-03,1273,S2,V102,17,41.0
2025-08-31,U008,,,1210,S2,V102,26,27.0
2025-08-31,U009,C001,2025-08-11,1772,S2,V102,15,18.0
2025-08-31,U010,,,1311,S1,V102,29,18.0
2025-08-31,U011,C001,2025-08-03,937,S1,V102,31,25.0
2025-08-31,U012,C002,2025-08-01,1300,S3,V102,10,25.0
2025-08-31,U013,C004,2025-08-19,1687,S2,V102,35,25.0
2025-08-31,U014,C004,2025-08-02,1563,S3,V102,36,14.0
2025-08-31,U015,,,1296,S3,V102,29,32.0
2025-08-31,U016,C004,2025-08-07,984,S3,V102,29,36.0
2025-08-31,U017,,,1940,S1,V102,25,11.0
2025-08-31,U018,C005,2025-08-11,1547,S2,V102,21,37.0
2025-08-31,U019,C006,2025-08-17,1672,S3,V102,33,28.0
2025-08-31,U020,C005,2025-08-20,1581,S1,V102,29,11.0
2025-08-31,U021,,,1109,S3,V102,13,18.0
2025-08-31,U022,C006,2025-08-14,1162,S3,V102,32,35.0
2025-08-31,U023,C001,2025-08-06,481,S2,V102,12,10.0
2025-08-31,U024,,,803,S1,V102,21,34.0
2025-08-31,U025,C004,2025-08-09,734,S3,V102,24,8.0
2025-08-31,U026,C003,2025-08-18,478,S2,V102,22,10.0
2025-08-31,U027,C001,2025-08-15,1277,S1,V102,32,18.0
2025-08-31,U028,C003,2025-08-01,1852,S2,V102,23,26.0
2025-08-31,U029,C001,2025-08-12,1441,S3,V102,20,23.0
2025-08-31,U030,C003,2025-08-08,855,S1,V102,21,19.0
2025-08-31,U031,C005,2025-08-02,1386,S1,V102,16,12.0
2025-08-31,U032,C004,2025-08-08,1622,S2,V102,34,40.0
2025-08-31,U033,C002,2025-08-05,776,S2,V102,24,30.0
2025-08-31,U034,,,1627,S2,V102,20,45.0
2025-08-31,U035,C004,2025-08-02,1702,S1,V102,36,33.0
2025-08-31,U036,C004,2025-08-07,1022,S3,V102,34,32.0
2025-08-31,U037,C003,2025-08-09,1378,S1,V102,16,29.0
2025-08-31,U038,,,1449,S1,V102,15,11.0
2025-08-31,U039,C001,2025-08-04,1105,S3,V102,22,45.0
2025-08-31,U040,C005,2025-08-12,1702,S1,V102,35,27.0
2025-08-31,U041,,,691,S1,V102,11,40.0
2025-08-31,U042,C001,2025-08-18,1412,S1,V102,23,21.0
2025-08-31,U043,C005,2025-08-13,1732,S2,V102,22,17.0
2025-08-31,U044,C003,2025-08-09,1662,S3,V102,26,43.0
2025-08-31,U045,,,1033,S1,V102,19,18.5
2025-08-31,U046,C005,2025-08-11,1955,S1,V102,16,21.0
2025-08-31,U047,C001,2025-08-06,1885,S3,V102,27,40.0
2025-08-31,U048,,,749,S2,V102,22,26.0
2025-08-31,U049,C006,2025-08-05,1362,S1,V102,21,28.5
2025-08-31,U050,C002,2025-08-03,1876,S2,V102,12,12.0
2025-08-31,U051,,,1396,S3,V102,19,21.5
2025-08-31,U052,C005,2025-08-13,913,S3,V102,13,31.0
2025-08-31,U053,C002,2025-08-10,1791,S1,V102,19,13.0
2025-08-31,U054,,,550,S3,V102,26,22.0
2025-08-31,U055,C002,2025-08-18,1097,S1,V102,29,7.5
2025-08-31,U056,,,1254,S2,V102,21,41.0
2025-08-31,U057,C006,2025-08-06,1069,S2,V102,12,17.0
2025-08-31,U058,,,1391,S3,V102,22,26.0
2025-08-31,U059,C001,2025-08-05,1452,S2,V102,11,23.0
2025-08-31,U060,C001,2025-08-12,1352,S1,V102,28,36.0
2025-09-01,U001,C001,2025-08-14,1094,S2,V103,20,14.5
2025-09-01,U002,C001,2025-08-13,1289,S3,V103,33,9.0
2025-09-01,U003,C003,2025-08-11,732,S3,V103,28,32.0
2025-09-01,U004,,,1669,S3,V103,26,18.0
2025-09-01,U005,C003,2025-08-18,1740,S3,V103,21,16.0
2025-09-01,U006,C002,2025-08-06,1819,S3,V103,22,24.5
2025-09-01,U007,C004,2025-08-03,1178,S2,V103,17,39.5
2025-09-01,U008,,,1428,S2,V103,26,30.0
2025-09-01,U009,C001,2025-08-11,1988,S2,V103,15,10.0
2025-09-01,U010,,,1268,S1,V103,30,13.0
2025-09-01,U011,C001,2025-08-03,1155,S1,V103,31,28.0
2025-09-01,U012,C002,2025-08-01,1541,S3,V103,10,31.0
2025-09-01,U013,C004,2025-08-19,1840,S2,V103,35,40.0
2025-09-01,U014,C004,2025-08-02,1444,S3,V103,37,28.5
2025-09-01,U015,,,1481,S3,V103,29,29.33
2025-09-01,U016,C004,2025-08-07,990,S3,V103,29,40.0
2025-09-01,U017,,,2010,S1,V103,25,34.0
2025-09-01,U018,C005,2025-08-11,1572,S2,V103,21,41.5
2025-09-01,U019,C006,2025-08-17,1725,S3,V103,33,7.0
2025-09-01,U020,C005,2025-08-20,1760,S1,V103,29,28.0
2025-09-01,U021,,,1328,S3,V103,13,11.0
2025-09-01,U022,C006,2025-08-14,1358,S3,V103,32,41.0
2025-09-01,U023,C001,2025-08-06,430,S2,V103,12,11.0
2025-09-01,U024,,,932,S1,V103,21,34.0
2025-09-01,U025,C004,2025-08-09,775,S3,V103,24,32.67
2025-09-01,U026,C003,2025-08-18,604,S2,V103,22,11.0
2025-09-01,U027,C001,2025-08-15,1184,S1,V103,32,14.0
2025-09-01,U028,C003,2025-08-01,1752,S2,V103,23,15.0
2025-09-01,U029,C001,2025-08-12,1525,S3,V103,20,16.0
2025-09-01,U030,C003,2025-08-08,862,S1,V103,21,16.0
2025-09-01,U031,C005,2025-08-02,1514,S1,V103,16,5.0
2025-09-01,U032,C004,2025-08-08,1643,S2,V103,34,37.0
2025-09-01,U033,C002,2025-08-05,771,S2,V103,24,35.0
2025-09-01,U034,,,1531,S2,V103,20,31.0
2025-09-01,U035,C004,2025-08-02,1749,S1,V103,36,5.0
2025-09-01,U036,C004,2025-08-07,1267,S3,V103,35,28.25
2025-09-01,U037,C003,2025-08-09,1545,S1,V103,16,42.0
2025-09-01,U038,,,1669,S1,V103,15,16.0
2025-09-01,U039,C001,2025-08-04,1214,S3,V103,23,35.0
2025-09-01,U040,C005,2025-08-12,1589,S1,V103,35,13.0
2025-09-01,U041,,,753,S1,V103,11,9.0
2025-09-01,U042,C001,2025-08-18,1316,S1,V103,23,13.0
2025-09-01,U043,C005,2025-08-13,1617,S2,V103,22,37.0
2025-09-01,U044,C003,2025-08-09,1902,S3,V103,26,17.0
2025-09-01,U045,,,1030,S1,V103,20,31.0
2025-09-01,U046,C005,2025-08-11,1894,S1,V103,16,27.0
2025-09-01,U047,C001,2025-08-06,1957,S3,V103,27,21.0
2025-09-01,U048,,,690,S2,V103,23,17.0
2025-09-01,U049,C006,2025-08-05,1275,S1,V103,22,33.0
2025-09-01,U050,C002,2025-08-03,1979,S2,V103,12,15.33
2025-09-01,U051,,,1429,S3,V103,20,28.33
2025-09-01,U052,C005,2025-08-13,825,S3,V103,13,16.0
2025-09-01,U053,C002,2025-08-10,1898,S1,V103,20,25.0
2025-09-01,U054,,,534,S3,V103,27,25.0
2025-09-01,U055,C002,2025-08-18,1054,S1,V103,29,35.0
2025-09-01,U056,,,1407,S2,V103,21,7.0
2025-09-01,U057,C006,2025-08-06,1028,S2,V103,12,20.0
2025-09-01,U058,,,1556,S3,V103,22,24.0
2025-09-01,U059,C001,2025-08-05,1415,S2,V103,11,35.0
2025-09-01,U060,C001,2025-08-12,1475,S1,V103,28,34.0
2025-09-02,U001,C001,2025-08-14,1112,S2,V103,20,23.0
2025-09-02,U002,C001,2025-08-13,1370,S3,V103,34,27.5
2025-09-02,U003,C003,2025-08-11,807,S3,V103,28,44.0
2025-09-02,U004,,,1668,S3,V103,26,15.0
2025-09-02,U005,C003,2025-08-18,1880,S3,V103,21,44.0
2025-09-02,U006,C002,2025-08-06,1819,S3,V103,22,16.0
2025-09-02,U007,C004,2025-08-03,1179,S2,V103,17,20.5
2025-09-02,U008,,,1588,S2,V103,26,34.0
2025-09-02,U009,C001,2025-08-11,1937,S2,V103,15,23.8
2025-09-02,U010,,,1230,S1,V103,30,44.0
2025-09-02,U011,C001,2025-08-03,1135,S1,V103,32,42.0
2025-09-02,U012,C002,2025-08-01,1579,S3,V103,10,31.33
2025-09-02,U013,C004,2025-08-19,1801,S2,V103,36,44.0
2025-09-02,U014,C004,2025-08-02,1406,S3,V103,37,11.0
2025-09-02,U015,,,1538,S3,V103,30,16.0
2025-09-02,U016,C004,2025-08-07,1092,S3,V103,29,40.0
2025-09-02,U017,,,2200,S1,V103,25,11.0
2025-09-02,U018,C005,2025-08-11,1531,S2,V103,21,24.0
2025-09-02,U019,C006,2025-08-17,1670,S3,V103,34,30.0
2025-09-02,U020,C005,2025-08-20,1955,S1,V103,29,32.0
2025-09-02,U021,,,1515,S3,V103,13,41.0
2025-09-02,U022,C006,2025-08-14,1355,S3,V103,33,33.0
2025-09-02,U023,C001,2025-08-06,657,S2,V103,12,17.0
2025-09-02,U024,,,898,S1,V103,22,12.0
2025-09-02,U025,C004,2025-08-09,976,S3,V103,25,6.0
2025-09-02,U026,C003,2025-08-18,805,S2,V103,22,29.67
2025-09-02,U027,C001,2025-08-15,1182,S1,V103,32,32.0
2025-09-02,U028,C003,2025-08-01,1671,S2,V103,23,21.0
2025-09-02,U029,C001,2025-08-12,1541,S3,V103,20,14.0
2025-09-02,U030,C003,2025-08-08,839,S1,V103,21,10.0
2025-09-02,U031,C005,2025-08-02,1548,S1,V103,16,21.0
2025-09-02,U032,C004,2025-08-08,1746,S2,V103,34,11.0
2025-09-02,U033,C002,2025-08-05,977,S2,V103,24,21.0
2025-09-02,U034,,,1636,S2,V103,20,29.0
2025-09-02,U035,C004,2025-08-02,1882,S1,V103,37,27.0
2025-09-02,U036,C004,2025-08-07,1210,S3,V103,35,27.0
2025-09-02,U037,C003,2025-08-09,1784,S1,V103,16,41.0
2025-09-02,U038,,,1601,S1,V103,15,27.0
2025-09-02,U039,C001,2025-08-04,1324,S3,V103,23,14.0
2025-09-02,U040,C005,2025-08-12,1560,S1,V103,36,26.0
2025-09-02,U041,,,864,S1,V103,12,40.0
2025-09-02,U042,C001,2025-08-18,1415,S1,V103,24,15.0
2025-09-02,U043,C005,2025-08-13,1790,S2,V103,22,30.0
2025-09-02,U044,C003,2025-08-09,2003,S3,V103,26,5.0
2025-09-02,U045,,,1028,S1,V103,20,23.75
2025-09-02,U046,C005,2025-08-11,1950,S1,V103,16,44.0
2025-09-02,U047,C001,2025-08-06,2201,S3,V103,27,34.0
2025-09-02,U048,,,912,S2,V103,23,6.0
2025-09-02,U049,C006,2025-08-05,1293,S1,V103,22,16.0
2025-09-02,U050,C002,2025-08-03,2193,S2,V103,12,29.0
2025-09-02,U051,,,1638,S3,V103,21,30.0
2025-09-02,U052,C005,2025-08-13,733,S3,V103,13,31.0
2025-09-02,U053,C002,2025-08-10,2133,S1,V103,20,13.0
2025-09-02,U054,,,638,S3,V103,28,26.44
2025-09-02,U055,C002,2025-08-18,962,S1,V103,29,34.0
2025-09-02,U056,,,1404,S2,V103,21,36.0
2025-09-02,U057,C006,2025-08-06,1226,S2,V103,13,20.5
2025-09-02,U058,,,1549,S3,V103,22,9.0
2025-09-02,U059,C001,2025-08-05,1570,S2,V103,12,39.0
2025-09-02,U060,C001,2025-08-12,1504,S1,V103,28,17.0
2025-09-03,U001,C001,2025-08-14,1192,S2,V103,20,17.0
2025-09-03,U002,C001,2025-08-13,1359,S3,V103,34,22.5
2025-09-03,U003,C003,2025-08-11,1007,S3,V103,28,28.5
2025-09-03,U004,,,1823,S3,V103,26,19.0
2025-09-03,U005,C003,2025-08-18,1799,S3,V103,22,30.67
2025-09-03,U006,C002,2025-08-06,1923,S3,V103,23,17.0
2025-09-03,U007,C004,2025-08-03,1348,S2,V103,17,44.0
2025-09-03,U008,,,1641,S2,V103,26,15.0
2025-09-03,U009,C001,2025-08-11,1972,S2,V103,15,20.0
2025-09-03,U010,,,1430,S1,V103,30,42.0
2025-09-03,U011,C001,2025-08-03,1261,S1,V103,32,21.0
2025-09-03,U012,C002,2025-08-01,1707,S3,V103,10,42.0
2025-09-03,U013,C004,2025-08-19,1915,S2,V103,36,9.0
2025-09-03,U014,C004,2025-08-02,1359,S3,V103,37,8.0
2025-09-03,U015,,,1619,S3,V103,30,18.0
2025-09-03,U016,C004,2025-08-07,984,S3,V103,30,19.0
2025-09-03,U017,,,2394,S1,V103,26,20.0
2025-09-03,U018,C005,2025-08-11,1709,S2,V103,21,29.0
2025-09-03,U019,C006,2025-08-17,1552,S3,V103,34,45.0
2025-09-03,U020,C005,2025-08-20,2196,S1,V103,29,19.0
2025-09-03,U021,,,1737,S3,V103,13,8.0
2025-09-03,U022,C006,2025-08-14,1409,S3,V103,33,30.0
2025-09-03,U023,C001,2025-08-06,570,S2,V103,12,24.0
2025-09-03,U024,,,972,S1,V103,22,26.25
2025-09-03,U025,C004,2025-08-09,1039,S3,V103,25,42.0
2025-09-03,U026,C003,2025-08-18,704,S2,V103,22,32.0
2025-09-03,U027,C001,2025-08-15,1296,S1,V103,32,15.0
2025-09-03,U028,C003,2025-08-01,1906,S2,V103,23,9.0
2025-09-03,U029,C001,2025-08-12,1469,S3,V103,21,17.0
2025-09-03,U030,C003,2025-08-08,842,S1,V103,21,20.0
2025-09-03,U031,C005,2025-08-02,1446,S1,V103,16,18.0
2025-09-03,U032,C004,2025-08-08,1908,S2,V103,34,15.0
2025-09-03,U033,C002,2025-08-05,1111,S2,V103,24,42.0
2025-09-03,U034,,,1834,S2,V103,20,32.0
2025-09-03,U035,C004,2025-08-02,1794,S1,V103,38,27.0
2025-09-03,U036,C004,2025-08-07,1428,S3,V103,35,23.5
2025-09-03,U037,C003,2025-08-09,1782,S1,V103,16,16.5
2025-09-03,U038,,,1565,S1,V103,16,22.0
2025-09-03,U039,C001,2025-08-04,1360,S3,V103,23,20.0
2025-09-03,U040,C005,2025-08-12,1571,S1,V103,37,28.0
2025-09-03,U041,,,803,S1,V103,12,24.0
2025-09-03,U042,C001,2025-08-18,1327,S1,V103,25,22.0
2025-09-03,U043,C005,2025-08-13,2013,S2,V103,23,38.0
2025-09-03,U044,C003,2025-08-09,2071,S3,V103,26,39.0
2025-09-03,U045,,,1131,S1,V103,21,9.0
2025-09-03,U046,C005,2025-08-11,1858,S1,V103,16,23.0
2025-09-03,U047,C001,2025-08-06,2348,S3,V103,27,21.5
2025-09-03,U048,,,1131,S2,V103,23,27.0
2025-09-03,U049,C006,2025-08-05,1251,S1,V103,22,41.0
2025-09-03,U050,C002,2025-08-03,2369,S2,V103,13,24.0
2025-09-03,U051,,,1550,S3,V103,21,16.33
2025-09-03,U052,C005,2025-08-13,869,S3,V103,13,31.0
2025-09-03,U053,C002,2025-08-10,2354,S1,V103,20,12.0
2025-09-03,U054,,,860,S3,V103,29,44.0
2025-09-03,U055,C002,2025-08-18,1146,S1,V103,29,39.0
2025-09-03,U056,,,1450,S2,V103,21,43.0
2025-09-03,U057,C006,2025-08-06,1192,S2,V103,13,19.0
2025-09-03,U058,,,1661,S3,V103,22,10.0
2025-09-03,U059,C001,2025-08-05,1577,S2,V103,12,20.0
2025-09-03,U060,C001,2025-08-12,1542,S1,V103,28,39.0
2025-09-04,U001,C001,2025-08-14,1215,S2,V103,20,40.0
2025-09-04,U002,C001,2025-08-13,1248,S3,V103,34,11.0
2025-09-04,U003,C003,2025-08-11,952,S3,V103,28,32.0
2025-09-04,U004,,,2046,S3,V103,27,15.4
2025-09-04,U005,C003,2025-08-18,1978,S3,V103,23,21.33
2025-09-04,U006,C002,2025-08-06,2026,S3,V103,23,20.0
2025-09-04,U007,C004,2025-08-03,1518,S2,V103,17,38.0
2025-09-04,U008,,,1738,S2,V103,26,45.0
2025-09-04,U009,C001,2025-08-11,1966,S2,V103,16,39.0
2025-09-04,U010,,,1346,S1,V103,31,15.0
2025-09-04,U011,C001,2025-08-03,1491,S1,V103,32,25.0
2025-09-04,U012,C002,2025-08-01,1628,S3,V103,11,20.0
2025-09-04,U013,C004,2025-08-19,2024,S2,V103,36,5.0
2025-09-04,U014,C004,2025-08-02,1555,S3,V103,37,19.0
2025-09-04,U015,,,1586,S3,V103,30,24.0
2025-09-04,U016,C004,2025-08-07,892,S3,V103,30,20.0
2025-09-04,U017,,,2500,S1,V103,26,7.0
2025-09-04,U018,C005,2025-08-11,1661,S2,V103,21,36.5
2025-09-04,U019,C006,2025-08-17,1667,S3,V103,35,23.0
2025-09-04,U020,C005,2025-08-20,2150,S1,V103,30,40.0
2025-09-04,U021,,,1890,S3,V103,13,6.5
2025-09-04,U022,C006,2025-08-14,1413,S3,V103,33,35.0
2025-09-04,U023,C001,2025-08-06,719,S2,V103,12,16.0
2025-09-04,U024,,,1101,S1,V103,22,43.0
2025-09-04,U025,C004,2025-08-09,1244,S3,V103,25,45.0
2025-09-04,U026,C003,2025-08-18,842,S2,V103,22,39.0
2025-09-04,U027,C001,2025-08-15,1278,S1,V103,33,26.0
2025-09-04,U028,C003,2025-08-01,1857,S2,V103,24,36.0
2025-09-04,U029,C001,2025-08-12,1624,S3,V103,21,23.0
2025-09-04,U030,C003,2025-08-08,779,S1,V103,21,42.0
2025-09-04,U031,C005,2025-08-02,1492,S1,V103,16,23.0
2025-09-04,U032,C004,2025-08-08,1799,S2,V103,34,36.0
2025-09-04,U033,C002,2025-08-05,1329,S2,V103,24,43.0
2025-09-04,U034,,,1958,S2,V103,20,18.0
2025-09-04,U035,C004,2025-08-02,1735,S1,V103,38,43.0
2025-09-04,U036,C004,2025-08-07,1361,S3,V103,35,17.0
2025-09-04,U037,C003,2025-08-09,1930,S1,V103,17,38.0
2025-09-04,U038,,,1548,S1,V103,16,31.0
2025-09-04,U039,C001,2025-08-04,1577,S3,V103,23,16.0
2025-09-04,U040,C005,2025-08-12,1453,S1,V103,37,21.0
2025-09-04,U041,,,724,S1,V103,12,30.0
2025-09-04,U042,C001,2025-08-18,1539,S1,V103,25,27.0
2025-09-04,U043,C005,2025-08-13,2132,S2,V103,23,21.0
2025-09-04,U044,C003,2025-08-09,2295,S3,V103,26,18.0
2025-09-04,U045,,,1038,S1,V103,21,5.0
2025-09-04,U046,C005,2025-08-11,1826,S1,V103,16,11.0
2025-09-04,U047,C001,2025-08-06,2567,S3,V103,28,22.0
2025-09-04,U048,,,1168,S2,V103,23,38.0
2025-09-04,U049,C006,2025-08-05,1412,S1,V103,22,23.0
2025-09-04,U050,C002,2025-08-03,2264,S2,V103,13,39.0
2025-09-04,U051,,,1473,S3,V103,22,22.0
2025-09-04,U052,C005,2025-08-13,1009,S3,V103,14,34.0
2025-09-04,U053,C002,2025-08-10,2299,S1,V103,20,26.0
2025-09-04,U054,,,879,S3,V103,29,40.0
2025-09-04,U055,C002,2025-08-18,1136,S1,V103,30,28.33
2025-09-04,U056,,,1468,S2,V103,22,36.0
2025-09-04,U057,C006,2025-08-06,1245,S2,V103,14,7.0
2025-09-04,U058,,,1609,S3,V103,23,27.5
2025-09-04,U059,C001,2025-08-05,1738,S2,V103,12,26.75
2025-09-04,U060,C001,2025-08-12,1721,S1,V103,28,25.0
2025-09-05,U001,C001,2025-08-14,1357,S2,V103,20,20.0
2025-09-05,U002,C001,2025-08-13,1490,S3,V103,34,40.0
2025-09-05,U003,C003,2025-08-11,947,S3,V103,28,30.5
2025-09-05,U004,,,2104,S3,V103,27,29.5
2025-09-05,U005,C003,2025-08-18,2108,S3,V103,23,43.0
2025-09-05,U006,C002,2025-08-06,2100,S3,V103,23,39.0
2025-09-05,U007,C004,2025-08-03,1650,S2,V103,17,23.0
2025-09-05,U008,,,1708,S2,V103,27,28.67
2025-09-05,U009,C001,2025-08-11,1881,S2,V103,16,18.0
2025-09-05,U010,,,1449,S1,V103,31,32.0
2025-09-05,U011,C001,2025-08-03,1596,S1,V103,33,24.33
2025-09-05,U012,C002,2025-08-01,1617,S3,V103,12,16.0
2025-09-05,U013,C004,2025-08-19,2256,S2,V103,37,40.0
2025-09-05,U014,C004,2025-08-02,1495,S3,V103,37,7.0
2025-09-05,U015,,,1586,S3,V103,30,29.0
2025-09-05,U016,C004,2025-08-07,936,S3,V103,30,32.0
2025-09-05,U017,,,2645,S1,V103,26,22.0
2025-09-05,U018,C005,2025-08-11,1574,S2,V103,21,39.0
2025-09-05,U019,C006,2025-08-17,1829,S3,V103,36,10.0
2025-09-05,U020,C005,2025-08-20,2377,S1,V103,30,35.5
2025-09-05,U021,,,1797,S3,V103,13,9.0
2025-09-05,U022,C006,2025-08-14,1302,S3,V103,33,17.5
2025-09-05,U023,C001,2025-08-06,641,S2,V103,12,25.5
2025-09-05,U024,,,1257,S1,V103,22,29.5
2025-09-05,U025,C004,2025-08-09,1191,S3,V103,25,20.0
2025-09-05,U026,C003,2025-08-18,939,S2,V103,23,17.0
2025-09-05,U027,C001,2025-08-15,1338,S1,V103,33,11.0
2025-09-05,U028,C003,2025-08-01,1932,S2,V103,24,34.0
2025-09-05,U029,C001,2025-08-12,1779,S3,V103,21,36.0
2025-09-05,U030,C003,2025-08-08,697,S1,V103,21,6.0
2025-09-05,U031,C005,2025-08-02,1580,S1,V103,17,29.0
2025-09-05,U032,C004,2025-08-08,1946,S2,V103,34,28.0
2025-09-05,U033,C002,2025-08-05,1469,S2,V103,24,19.0
2025-09-05,U034,,,2010,S2,V103,20,10.0
2025-09-05,U035,C004,2025-08-02,1736,S1,V103,38,9.0
2025-09-05,U036,C004,2025-08-07,1603,S3,V103,35,41.0
2025-09-05,U037,C003,2025-08-09,2169,S1,V103,17,24.67
2025-09-05,U038,,,1657,S1,V103,16,15.33
2025-09-05,U039,C001,2025-08-04,1504,S3,V103,24,13.0
2025-09-05,U040,C005,2025-08-12,1476,S1,V103,37,13.0
2025-09-05,U041,,,657,S1,V103,12,14.0
2025-09-05,U042,C001,2025-08-18,1455,S1,V103,25,26.0
2025-09-05,U043,C005,2025-08-13,2110,S2,V103,23,29.0
2025-09-05,U044,C003,2025-08-09,2427,S3,V103,26,18.0
2025-09-05,U045,,,1067,S1,V103,21,21.0
2025-09-05,U046,C005,2025-08-11,2050,S1,V103,16,12.0
2025-09-05,U047,C001,2025-08-06,2684,S3,V103,29,8.0
2025-09-05,U048,,,1166,S2,V103,23,44.0
2025-09-05,U049,C006,2025-08-05,1455,S1,V103,23,23.0
2025-09-05,U050,C002,2025-08-03,2494,S2,V103,14,16.0
2025-09-05,U051,,,1639,S3,V103,22,28.0
2025-09-05,U052,C005,2025-08-13,1062,S3,V103,14,34.0
2025-09-05,U053,C002,2025-08-10,2214,S1,V103,20,32.0
2025-09-05,U054,,,861,S3,V103,29,21.0
2025-09-05,U055,C002,2025-08-18,1189,S1,V103,30,13.0
2025-09-05,U056,,,1435,S2,V103,22,24.0
2025-09-05,U057,C006,2025-08-06,1336,S2,V103,15,21.0
2025-09-05,U058,,,1773,S3,V103,23,45.0
2025-09-05,U059,C001,2025-08-05,1800,S2,V103,12,28.0
2025-09-05,U060,C001,2025-08-12,1969,S1,V103,28,8.0
2025-09-06,U001,C001,2025-08-14,1428,S2,V103,20,16.0
2025-09-06,U002,C001,2025-08-13,1603,S3,V103,34,6.0
2025-09-06,U003,C003,2025-08-11,891,S3,V103,29,34.0
2025-09-06,U004,,,2102,S3,V103,28,37.0
2025-09-06,U005,C003,2025-08-18,2296,S3,V103,24,13.33
2025-09-06,U006,C002,2025-08-06,2283,S3,V103,23,17.0
2025-09-06,U007,C004,2025-08-03,1548,S2,V103,17,40.0
2025-09-06,U008,,,1711,S2,V103,27,10.0
2025-09-06,U009,C001,2025-08-11,1956,S2,V103,16,27.0
2025-09-06,U010,,,1359,S1,V103,31,45.0
2025-09-06,U011,C001,2025-08-03,1618,S1,V103,33,35.0
2025-09-06,U012,C002,2025-08-01,1741,S3,V103,12,39.0
2025-09-06,U013,C004,2025-08-19,2331,S2,V103,37,25.0
2025-09-06,U014,C004,2025-08-02,1606,S3,V103,37,28.0
2025-09-06,U015,,,1481,S3,V103,30,6.0
2025-09-06,U016,C004,2025-08-07,1043,S3,V103,30,34.0
2025-09-06,U017,,,2609,S1,V103,26,30.0
2025-09-06,U018,C005,2025-08-11,1790,S2,V103,21,44.0
2025-09-06,U019,C006,2025-08-17,1952,S3,V103,36,28.0
2025-09-06,U020,C005,2025-08-20,2447,S1,V103,30,23.0
2025-09-06,U021,,,1842,S3,V103,13,38.0
2025-09-06,U022,C006,2025-08-14,1519,S3,V103,33,17.0
2025-09-06,U023,C001,2025-08-06,602,S2,V103,12,6.0
2025-09-06,U024,,,1231,S1,V103,22,26.67
2025-09-06,U025,C004,2025-08-09,1434,S3,V103,25,10.0
2025-09-06,U026,C003,2025-08-18,1112,S2,V103,23,44.0
2025-09-06,U027,C001,2025-08-15,1299,S1,V103,33,22.0
2025-09-06,U028,C003,2025-08-01,1814,S2,V103,24,9.0
2025-09-06,U029,C001,2025-08-12,1840,S3,V103,21,31.0
2025-09-06,U030,C003,2025-08-08,597,S1,V103,21,44.0
2025-09-06,U031,C005,2025-08-02,1504,S1,V103,17,22.0
2025-09-06,U032,C004,2025-08-08,1894,S2,V103,35,21.0
2025-09-06,U033,C002,2025-08-05,1704,S2,V103,24,6.0
2025-09-06,U034,,,2132,S2,V103,20,36.0
2025-09-06,U035,C004,2025-08-02,1914,S1,V103,38,18.0
2025-09-06,U036,C004,2025-08-07,1605,S3,V103,35,45.0
2025-09-06,U037,C003,2025-08-09,2353,S1,V103,17,31.0
2025-09-06,U038,,,1654,S1,V103,16,16.0
2025-09-06,U039,C001,2025-08-04,1641,S3,V103,25,26.75
2025-09-06,U040,C005,2025-08-12,1424,S1,V103,37,11.0
2025-09-06,U041,,,610,S1,V103,12,36.0
2025-09-06,U042,C001,2025-08-18,1384,S1,V103,26,20.0
2025-09-06,U043,C005,2025-08-13,2182,S2,V103,23,17.0
2025-09-06,U044,C003,2025-08-09,2456,S3,V103,26,9.0
2025-09-06,U045,,,1142,S1,V103,21,36.0
2025-09-06,U046,C005,2025-08-11,2182,S1,V103,16,27.2
2025-09-06,U047,C001,2025-08-06,2810,S3,V103,29,13.0
2025-09-06,U048,,,1374,S2,V103,23,38.0
2025-09-06,U049,C006,2025-08-05,1338,S1,V103,23,43.0
2025-09-06,U050,C002,2025-08-03,2623,S2,V103,14,41.0
2025-09-06,U051,,,1712,S3,V103,23,42.0
2025-09-06,U052,C005,2025-08-13,968,S3,V103,14,12.0
2025-09-06,U053,C002,2025-08-10,2197,S1,V103,20,11.0
2025-09-06,U054,,,999,S3,V103,30,18.0
2025-09-06,U055,C002,2025-08-18,1392,S1,V103,30,25.0
2025-09-06,U056,,,1375,S2,V103,22,19.33
2025-09-06,U057,C006,2025-08-06,1584,S2,V103,16,26.0
2025-09-06,U058,,,1655,S3,V103,23,12.0
2025-09-06,U059,C001,2025-08-05,1716,S2,V103,13,10.0
2025-09-06,U060,C001,2025-08-12,2191,S1,V103,29,30.0
2025-09-07,U001,C001,2025-08-14,1531,S2,V103,20,16.4
2025-09-07,U002,C001,2025-08-13,1628,S3,V103,34,45.0
2025-09-07,U003,C003,2025-08-11,987,S3,V103,29,32.0
2025-09-07,U004,,,2058,S3,V103,28,28.0
2025-09-07,U005,C003,2025-08-18,2349,S3,V103,24,36.0
2025-09-07,U006,C002,2025-08-06,2295,S3,V103,24,25.0
2025-09-07,U007,C004,2025-08-03,1457,S2,V103,17,28.0
2025-09-07,U008,,,1894,S2,V103,27,21.0
2025-09-07,U009,C001,2025-08-11,2096,S2,V103,16,16.0
2025-09-07,U010,,,1262,S1,V103,31,20.0
2025-09-07,U011,C001,2025-08-03,1672,S1,V103,34,35.0
2025-09-07,U012,C002,2025-08-01,1875,S3,V103,12,33.0
2025-09-07,U013,C004,2025-08-19,2383,S2,V103,37,42.0
2025-09-07,U014,C004,2025-08-02,1539,S3,V103,37,12.0
2025-09-07,U015,,,1476,S3,V103,30,20.0
2025-09-07,U016,C004,2025-08-07,1015,S3,V103,31,19.67
2025-09-07,U017,,,2845,S1,V103,26,41.0
2025-09-07,U018,C005,2025-08-11,1945,S2,V103,21,45.0
2025-09-07,U019,C006,2025-08-17,1903,S3,V103,36,21.0
2025-09-07,U020,C005,2025-08-20,2352,S1,V103,30,27.0
2025-09-07,U021,,,2082,S3,V103,14,21.0
2025-09-07,U022,C006,2025-08-14,1590,S3,V103,33,7.0
2025-09-07,U023,C001,2025-08-06,624,S2,V103,12,14.0
2025-09-07,U024,,,1167,S1,V103,22,38.0
2025-09-07,U025,C004,2025-08-09,1474,S3,V103,25,20.0
2025-09-07,U026,C003,2025-08-18,1108,S2,V103,23,35.0
2025-09-07,U027,C001,2025-08-15,1186,S1,V103,33,5.0
2025-09-07,U028,C003,2025-08-01,2042,S2,V103,24,42.0
2025-09-07,U029,C001,2025-08-12,1897,S3,V103,21,33.0
2025-09-07,U030,C003,2025-08-08,629,S1,V103,22,40.0
2025-09-07,U031,C005,2025-08-02,1594,S1,V103,17,20.0
2025-09-07,U032,C004,2025-08-08,2122,S2,V103,35,20.0
2025-09-07,U033,C002,2025-08-05,1637,S2,V103,24,31.5
2025-09-07,U034,,,2043,S2,V103,20,21.0
2025-09-07,U035,C004,2025-08-02,1826,S1,V103,38,16.0
2025-09-07,U036,C004,2025-08-07,1688,S3,V103,35,30.0
2025-09-07,U037,C003,2025-08-09,2328,S1,V103,17,20.33
2025-09-07,U038,,,1679,S1,V103,16,13.0
2025-09-07,U039,C001,2025-08-04,1527,S3,V103,25,21.0
2025-09-07,U040,C005,2025-08-12,1500,S1,V103,38,42.0
2025-09-07,U041,,,595,S1,V103,13,38.5
2025-09-07,U042,C001,2025-08-18,1547,S1,V103,26,24.0
2025-09-07,U043,C005,2025-08-13,2429,S2,V103,23,32.0
2025-09-07,U044,C003,2025-08-09,2675,S3,V103,27,5.0
2025-09-07,U045,,,1221,S1,V103,22,40.0
2025-09-07,U046,C005,2025-08-11,2205,S1,V103,17,16.0
2025-09-07,U047,C001,2025-08-06,2819,S3,V103,29,45.0
2025-09-07,U048,,,1336,S2,V103,23,21.0
2025-09-07,U049,C006,2025-08-05,1229,S1,V103,24,22.5
2025-09-07,U050,C002,2025-08-03,2607,S2,V103,14,11.0
2025-09-07,U051,,,1915,S3,V103,24,29.33
2025-09-07,U052,C005,2025-08-13,943,S3,V103,14,45.0
2025-09-07,U053,C002,2025-08-10,2190,S1,V103,21,15.0
2025-09-07,U054,,,1211,S3,V103,31,18.0
2025-09-07,U055,C002,2025-08-18,1571,S1,V103,31,20.0
2025-09-07,U056,,,1293,S2,V103,22,30.0
2025-09-07,U057,C006,2025-08-06,1574,S2,V103,17,21.0
2025-09-07,U058,,,1670,S3,V103,23,29.5
2025-09-07,U059,C001,2025-08-05,1946,S2,V103,14,35.0
2025-09-07,U060,C001,2025-08-12,2367,S1,V103,29,7.0
2025-09-08,U001,C001,2025-08-14,1771,S2,V103,20,37.0
2025-09-08,U002,C001,2025-08-13,1511,S3,V103,34,23.67
2025-09-08,U003,C003,2025-08-11,943,S3,V103,30,31.0
2025-09-08,U004,,,2088,S3,V103,28,12.0
2025-09-08,U005,C003,2025-08-18,2461,S3,V103,24,23.0
2025-09-08,U006,C002,2025-08-06,2260,S3,V103,24,12.0
2025-09-08,U007,C004,2025-08-03,1680,S2,V103,17,28.0
2025-09-08,U008,,,1994,S2,V103,27,10.0
2025-09-08,U009,C001,2025-08-11,2344,S2,V103,16,30.0
2025-09-08,U010,,,1176,S1,V103,31,15.67
2025-09-08,U011,C001,2025-08-03,1615,S1,V103,34,19.5
2025-09-08,U012,C002,2025-08-01,1842,S3,V103,13,42.0
2025-09-08,U013,C004,2025-08-19,2330,S2,V103,37,38.0
2025-09-08,U014,C004,2025-08-02,1628,S3,V103,37,19.0
2025-09-08,U015,,,1699,S3,V103,30,37.0
2025-09-08,U016,C004,2025-08-07,1195,S3,V103,31,13.0
2025-09-08,U017,,,2773,S1,V103,27,14.0
2025-09-08,U018,C005,2025-08-11,1851,S2,V103,22,15.0
2025-09-08,U019,C006,2025-08-17,1992,S3,V103,36,36.0
2025-09-08,U020,C005,2025-08-20,2507,S1,V103,31,8.0
2025-09-08,U021,,,2000,S3,V103,15,27.0
2025-09-08,U022,C006,2025-08-14,1724,S3,V103,33,16.0
2025-09-08,U023,C001,2025-08-06,783,S2,V103,12,40.0
2025-09-08,U024,,,1274,S1,V103,23,27.0
2025-09-08,U025,C004,2025-08-09,1545,S3,V103,25,5.0
2025-09-08,U026,C003,2025-08-18,1245,S2,V103,24,39.0
2025-09-08,U027,C001,2025-08-15,1259,S1,V103,33,24.0
2025-09-08,U028,C003,2025-08-01,2096,S2,V103,25,13.0
2025-09-08,U029,C001,2025-08-12,2103,S3,V103,21,25.0
2025-09-08,U030,C003,2025-08-08,789,S1,V103,22,7.0
2025-09-08,U031,C005,2025-08-02,1499,S1,V103,18,20.0
2025-09-08,U032,C004,2025-08-08,2190,S2,V103,35,42.0
2025-09-08,U033,C002,2025-08-05,1555,S2,V103,25,27.0
2025-09-08,U034,,,2033,S2,V103,21,19.0
2025-09-08,U035,C004,2025-08-02,1857,S1,V103,38,34.0
2025-09-08,U036,C004,2025-08-07,1821,S3,V103,35,14.0
2025-09-08,U037,C003,2025-08-09,2526,S1,V103,17,14.0
2025-09-08,U038,,,1697,S1,V103,16,38.0
2025-09-08,U039,C001,2025-08-04,1753,S3,V103,25,26.5
2025-09-08,U040,C005,2025-08-12,1519,S1,V103,39,23.0
2025-09-08,U041,,,691,S1,V103,14,10.0
2025-09-08,U042,C001,2025-08-18,1641,S1,V103,27,32.5
2025-09-08,U043,C005,2025-08-13,2471,S2,V103,23,25.0
2025-09-08,U044,C003,2025-08-09,2640,S3,V103,27,45.0
2025-09-08,U045,,,1132,S1,V103,23,25.0
2025-09-08,U046,C005,2025-08-11,2290,S1,V103,18,31.0
2025-09-08,U047,C001,2025-08-06,2836,S3,V103,29,38.0
2025-09-08,U048,,,1218,S2,V103,23,14.0
2025-09-08,U049,C006,2025-08-05,1194,S1,V103,24,33.0
2025-09-08,U050,C002,2025-08-03,2489,S2,V103,14,24.0
2025-09-08,U051,,,2129,S3,V103,24,5.0
2025-09-08,U052,C005,2025-08-13,1106,S3,V103,14,28.0
2025-09-08,U053,C002,2025-08-10,2347,S1,V103,21,31.0
2025-09-08,U054,,,1229,S3,V103,31,38.0
2025-09-08,U055,C002,2025-08-18,1474,S1,V103,31,25.2
2025-09-08,U056,,,1188,S2,V103,22,31.0
2025-09-08,U057,C006,2025-08-06,1670,S2,V103,18,13.0
2025-09-08,U058,,,1690,S3,V103,23,5.0
2025-09-08,U059,C001,2025-08-05,1985,S2,V103,14,9.0
2025-09-08,U060,C001,2025-08-12,2595,S1,V103,29,38.0
2025-09-09,U001,C001,2025-08-14,1737,S2,V103,20,11.0
2025-09-09,U002,C001,2025-08-13,1503,S3,V103,35,24.0
2025-09-09,U003,C003,2025-08-11,933,S3,V103,30,18.67
2025-09-09,U004,,,2187,S3,V103,28,21.67
2025-09-09,U005,C003,2025-08-18,2423,S3,V103,24,11.0
2025-09-09,U006,C002,2025-08-06,2151,S3,V103,24,40.0
2025-09-09,U007,C004,2025-08-03,1679,S2,V103,17,10.0
2025-09-09,U008,,,2006,S2,V103,27,10.67
2025-09-09,U009,C001,2025-08-11,2373,S2,V103,16,18.0
2025-09-09,U010,,,1212,S1,V103,32,39.0
2025-09-09,U011,C001,2025-08-03,1645,S1,V103,34,15.0
2025-09-09,U012,C002,2025-08-01,1985,S3,V103,13,28.0
2025-09-09,U013,C004,2025-08-19,2325,S2,V103,37,22.0
2025-09-09,U014,C004,2025-08-02,1746,S3,V103,37,40.0
2025-09-09,U015,,,1931,S3,V103,31,26.0
2025-09-09,U016,C004,2025-08-07,1273,S3,V103,31,6.0
2025-09-09,U017,,,2992,S1,V103,28,10.0
2025-09-09,U018,C005,2025-08-11,2075,S2,V103,22,16.0
2025-09-09,U019,C006,2025-08-17,1882,S3,V103,36,19.6
2025-09-09,U020,C005,2025-08-20,2396,S1,V103,31,31.5
2025-09-09,U021,,,1887,S3,V103,15,17.0
2025-09-09,U022,C006,2025-08-14,1821,S3,V103,33,14.0
2025-09-09,U023,C001,2025-08-06,829,S2,V103,12,25.0
2025-09-09,U024,,,1228,S1,V103,23,26.0
2025-09-09,U025,C004,2025-08-09,1447,S3,V103,25,31.0
2025-09-09,U026,C003,2025-08-18,1415,S2,V103,24,39.0
2025-09-09,U027,C001,2025-08-15,1343,S1,V103,33,15.0
2025-09-09,U028,C003,2025-08-01,2174,S2,V103,25,12.0
2025-09-09,U029,C001,2025-08-12,2095,S3,V103,21,6.0
2025-09-09,U030,C003,2025-08-08,862,S1,V103,22,20.0
2025-09-09,U031,C005,2025-08-02,1710,S1,V103,18,34.0
2025-09-09,U032,C004,2025-08-08,2349,S2,V103,35,19.0
2025-09-09,U033,C002,2025-08-05,1793,S2,V103,25,30.0
2025-09-09,U034,,,2220,S2,V103,21,38.0
2025-09-09,U035,C004,2025-08-02,1935,S1,V103,39,6.0
2025-09-09,U036,C004,2025-08-07,1752,S3,V103,35,22.0
2025-09-09,U037,C003,2025-08-09,2419,S1,V103,17,27.8
2025-09-09,U038,,,1742,S1,V103,17,20.0
2025-09-09,U039,C001,2025-08-04,1680,S3,V103,25,20.0
2025-09-09,U040,C005,2025-08-12,1688,S1,V103,39,36.0
2025-09-09,U041,,,661,S1,V103,15,20.0
2025-09-09,U042,C001,2025-08-18,1862,S1,V103,27,31.0
2025-09-09,U043,C005,2025-08-13,2561,S2,V103,23,34.0
2025-09-09,U044,C003,2025-08-09,2618,S3,V103,27,29.0
2025-09-09,U045,,,1264,S1,V103,23,39.0
2025-09-09,U046,C005,2025-08-11,2494,S1,V103,18,34.0
2025-09-09,U047,C001,2025-08-06,2792,S3,V103,29,5.0
2025-09-09,U048,,,1248,S2,V103,23,22.0
2025-09-09,U049,C006,2025-08-05,1309,S1,V103,24,7.0
2025-09-09,U050,C002,2025-08-03,2403,S2,V103,15,22.0
2025-09-09,U051,,,2372,S3,V103,24,22.67
2025-09-09,U052,C005,2025-08-13,1151,S3,V103,14,24.0
2025-09-09,U053,C002,2025-08-10,2597,S1,V103,21,17.0
2025-09-09,U054,,,1263,S3,V103,31,22.0
2025-09-09,U055,C002,2025-08-18,1404,S1,V103,31,22.0
2025-09-09,U056,,,1132,S2,V103,22,9.0
2025-09-09,U057,C006,2025-08-06,1688,S2,V103,18,16.0
2025-09-09,U058,,,1591,S3,V103,23,25.0
2025-09-09,U059,C001,2025-08-05,1968,S2,V103,15,28.0
2025-09-09,U060,C001,2025-08-12,2581,S1,V103,29,24.0
2025-09-10,U001,C001,2025-08-14,1707,S2,V103,21,36.0
2025-09-10,U002,C001,2025-08-13,1745,S3,V103,35,10.0
2025-09-10,U003,C003,2025-08-11,1030,S3,V103,30,8.0
2025-09-10,U004,,,2295,S3,V103,28,36.0
2025-09-10,U005,C003,2025-08-18,2454,S3,V103,25,34.33
2025-09-10,U006,C002,2025-08-06,2273,S3,V103,25,15.0
2025-09-10,U007,C004,2025-08-03,1795,S2,V103,17,33.0
2025-09-10,U008,,,2050,S2,V103,27,28.0
2025-09-10,U009,C001,2025-08-11,2409,S2,V103,17,34.0
2025-09-10,U010,,,1421,S1,V103,32,9.0
2025-09-10,U011,C001,2025-08-03,1547,S1,V103,35,20.0
2025-09-10,U012,C002,2025-08-01,2166,S3,V103,13,38.0
2025-09-10,U013,C004,2025-08-19,2262,S2,V103,37,19.0
2025-09-10,U014,C004,2025-08-02,1658,S3,V103,38,29.0
2025-09-10,U015,,,2143,S3,V103,31,15.0
2025-09-10,U016,C004,2025-08-07,1172,S3,V103,32,43.0
2025-09-10,U017,,,3046,S1,V103,28,20.5
2025-09-10,U018,C005,2025-08-11,2158,S2,V103,22,9.0
2025-09-10,U019,C006,2025-08-17,1910,S3,V103,36,28.5
2025-09-10,U020,C005,2025-08-20,2457,S1,V103,32,7.0
2025-09-10,U021,,,2049,S3,V103,15,24.0
2025-09-10,U022,C006,2025-08-14,2002,S3,V103,34,16.0
2025-09-10,U023,C001,2025-08-06,858,S2,V103,12,40.0
2025-09-10,U024,,,1404,S1,V103,23,41.0
2025-09-10,U025,C004,2025-08-09,1465,S3,V103,25,24.33
2025-09-10,U026,C003,2025-08-18,1661,S2,V103,24,30.0
2025-09-10,U027,C001,2025-08-15,1261,S1,V103,33,34.0
2025-09-10,U028,C003,2025-08-01,2223,S2,V103,25,43.0
2025-09-10,U029,C001,2025-08-12,2226,S3,V103,22,26.0
2025-09-10,U030,C003,2025-08-08,977,S1,V103,22,22.0
2025-09-10,U031,C005,2025-08-02,1903,S1,V103,19,18.0
2025-09-10,U032,C004,2025-08-08,2466,S2,V103,35,10.0
2025-09-10,U033,C002,2025-08-05,1747,S2,V103,25,26.0
2025-09-10,U034,,,2136,S2,V103,21,42.0
2025-09-10,U035,C004,2025-08-02,1935,S1,V103,39,26.5
2025-09-10,U036,C004,2025-08-07,1723,S3,V103,35,28.0
2025-09-10,U037,C003,2025-08-09,2614,S1,V103,17,34.0
2025-09-10,U038,,,1985,S1,V103,18,32.0
2025-09-10,U039,C001,2025-08-04,1813,S3,V103,26,20.0
2025-09-10,U040,C005,2025-08-12,1627,S1,V103,40,31.0
2025-09-10,U041,,,584,S1,V103,16,9.0
2025-09-10,U042,C001,2025-08-18,1987,S1,V103,27,24.0
2025-09-10,U043,C005,2025-08-13,2613,S2,V103,24,29.0
2025-09-10,U044,C003,2025-08-09,2781,S3,V103,28,20.0
2025-09-10,U045,,,1486,S1,V103,23,41.0
2025-09-10,U046,C005,2025-08-11,2375,S1,V103,18,16.0
2025-09-10,U047,C001,2025-08-06,2765,S3,V103,29,44.0
2025-09-10,U048,,,1130,S2,V103,24,17.0
2025-09-10,U049,C006,2025-08-05,1338,S1,V103,25,36.0
2025-09-10,U050,C002,2025-08-03,2390,S2,V103,15,33.0
2025-09-10,U051,,,2285,S3,V103,24,31.0
2025-09-10,U052,C005,2025-08-13,1366,S3,V103,15,39.0
2025-09-10,U053,C002,2025-08-10,2823,S1,V103,21,17.0
2025-09-10,U054,,,1419,S3,V103,32,42.0
2025-09-10,U055,C002,2025-08-18,1641,S1,V103,32,18.0
2025-09-10,U056,,,1161,S2,V103,23,11.0
2025-09-10,U057,C006,2025-08-06,1917,S2,V103,19,35.0
2025-09-10,U058,,,1763,S3,V103,23,7.0
2025-09-10,U059,C001,2025-08-05,1945,S2,V103,15,17.67
2025-09-10,U060,C001,2025-08-12,2732,S1,V103,29,20.4
2025-09-11,U001,C001,2025-08-14,1811,S2,V103,21,16.0
2025-09-11,U002,C001,2025-08-13,1806,S3,V103,36,6.0
2025-09-11,U003,C003,2025-08-11,1082,S3,V103,30,44.0
2025-09-11,U004,,,2462,S3,V103,28,36.0
2025-09-11,U005,C003,2025-08-18,2696,S3,V103,26,44.0
2025-09-11,U006,C002,2025-08-06,2195,S3,V103,25,27.0
2025-09-11,U007,C004,2025-08-03,1929,S2,V103,17,20.5
2025-09-11,U008,,,2016,S2,V103,27,15.0
2025-09-11,U009,C001,2025-08-11,2369,S2,V103,17,33.0
2025-09-11,U010,,,1458,S1,V103,33,18.0
2025-09-11,U011,C001,2025-08-03,1557,S1,V103,35,15.0
2025-09-11,U012,C002,2025-08-01,2337,S3,V103,13,15.0
2025-09-11,U013,C004,2025-08-19,2401,S2,V103,37,22.0
2025-09-11,U014,C004,2025-08-02,1751,S3,V103,38,34.0
2025-09-11,U015,,,2109,S3,V103,31,40.0
2025-09-11,U016,C004,2025-08-07,1064,S3,V103,32,36.0
2025-09-11,U017,,,3222,S1,V103,28,39.0
2025-09-11,U018,C005,2025-08-11,2188,S2,V103,22,33.0
2025-09-11,U019,C006,2025-08-17,1819,S3,V103,37,12.0
2025-09-11,U020,C005,2025-08-20,2641,S1,V103,33,35.0
2025-09-11,U021,,,2005,S3,V103,15,28.0
2025-09-11,U022,C006,2025-08-14,2157,S3,V103,34,39.0
2025-09-11,U023,C001,2025-08-06,760,S2,V103,12,26.67
2025-09-11,U024,,,1594,S1,V103,23,6.0
2025-09-11,U025,C004,2025-08-09,1537,S3,V103,26,25.0
2025-09-11,U026,C003,2025-08-18,1839,S2,V103,24,34.0
2025-09-11,U027,C001,2025-08-15,1412,S1,V103,33,34.0
2025-09-11,U028,C003,2025-08-01,2135,S2,V103,25,24.0
2025-09-11,U029,C001,2025-08-12,2417,S3,V103,22,33.0
2025-09-11,U030,C003,2025-08-08,1127,S1,V103,23,11.0
2025-09-11,U031,C005,2025-08-02,2058,S1,V103,19,27.0
2025-09-11,U032,C004,2025-08-08,2657,S2,V103,35,20.0
2025-09-11,U033,C002,2025-08-05,1870,S2,V103,25,6.0
2025-09-11,U034,,,2170,S2,V103,21,11.0
2025-09-11,U035,C004,2025-08-02,2039,S1,V103,39,7.0
2025-09-11,U036,C004,2025-08-07,1886,S3,V103,36,31.0
2025-09-11,U037,C003,2025-08-09,2506,S1,V103,17,37.0
2025-09-11,U038,,,1929,S1,V103,18,14.0
2025-09-11,U039,C001,2025-08-04,1998,S3,V103,26,35.0
2025-09-11,U040,C005,2025-08-12,1758,S1,V103,40,39.0
2025-09-11,U041,,,513,S1,V103,16,40.0
2025-09-11,U042,C001,2025-08-18,2140,S1,V103,27,18.0
2025-09-11,U043,C005,2025-08-13,2817,S2,V103,24,39.0
2025-09-11,U044,C003,2025-08-09,2896,S3,V103,28,28.0
2025-09-11,U045,,,1594,S1,V103,23,24.0
2025-09-11,U046,C005,2025-08-11,2591,S1,V103,18,7.0
2025-09-11,U047,C001,2025-08-06,2811,S3,V103,30,35.0
2025-09-11,U048,,,1301,S2,V103,24,31.0
2025-09-11,U049,C006,2025-08-05,1350,S1,V103,25,23.0
2025-09-11,U050,C002,2025-08-03,2553,S2,V103,16,24.0
2025-09-11,U051,,,2266,S3,V103,25,30.0
2025-09-11,U052,C005,2025-08-13,1603,S3,V103,15,20.0
2025-09-11,U053,C002,2025-08-10,2899,S1,V103,22,20.0
2025-09-11,U054,,,1376,S3,V103,33,41.0
2025-09-11,U055,C002,2025-08-18,1849,S1,V103,32,24.0
2025-09-11,U056,,,1342,S2,V103,23,31.0
2025-09-11,U057,C006,2025-08-06,1828,S2,V103,19,10.0
2025-09-11,U058,,,1988,S3,V103,23,42.0
2025-09-11,U059,C001,2025-08-05,2076,S2,V103,15,24.25
2025-09-11,U060,C001,2025-08-12,2656,S1,V103,29,11.5
2025-09-12,U001,C001,2025-08-14,1871,S2,V103,22,11.0
2025-09-12,U002,C001,2025-08-13,1955,S3,V103,36,18.67
2025-09-12,U003,C003,2025-08-11,1282,S3,V103,30,16.5
2025-09-12,U004,,,2540,S3,V103,28,43.0
2025-09-12,U005,C003,2025-08-18,2647,S3,V103,26,43.0
2025-09-12,U006,C002,2025-08-06,2436,S3,V103,26,28.0
2025-09-12,U007,C004,2025-08-03,2036,S2,V103,17,18.0
2025-09-12,U008,,,1918,S2,V103,28,40.0
2025-09-12,U009,C001,2025-08-11,2370,S2,V103,17,24.5
2025-09-12,U010,,,1543,S1,V103,33,32.0
2025-09-12,U011,C001,2025-08-03,1515,S1,V103,35,28.0
2025-09-12,U012,C002,2025-08-01,2272,S3,V103,13,9.0
2025-09-12,U013,C004,2025-08-19,2502,S2,V103,37,16.0
2025-09-12,U014,C004,2025-08-02,1986,S3,V103,39,40.0
2025-09-12,U015,,,2270,S3,V103,32,37.0
2025-09-12,U016,C004,2025-08-07,1181,S3,V103,32,11.0
2025-09-12,U017,,,3237,S1,V103,29,21.0
2025-09-12,U018,C005,2025-08-11,2183,S2,V103,22,6.0
2025-09-12,U019,C006,2025-08-17,1856,S3,V103,37,38.0
2025-09-12,U020,C005,2025-08-20,2709,S1,V103,34,42.0
2025-09-12,U021,,,2055,S3,V103,15,10.0
2025-09-12,U022,C006,2025-08-14,2324,S3,V103,34,28.5
2025-09-12,U023,C001,2025-08-06,656,S2,V103,12,14.5
2025-09-12,U024,,,1599,S1,V103,23,12.0
2025-09-12,U025,C004,2025-08-09,1574,S3,V103,27,32.0
2025-09-12,U026,C003,2025-08-18,2044,S2,V103,25,28.0
2025-09-12,U027,C001,2025-08-15,1624,S1,V103,33,19.83
2025-09-12,U028,C003,2025-08-01,2261,S2,V103,25,26.0
2025-09-12,U029,C001,2025-08-12,2538,S3,V103,22,28.0
2025-09-12,U030,C003,2025-08-08,1372,S1,V103,23,30.5
2025-09-12,U031,C005,2025-08-02,2124,S1,V103,19,18.0
2025-09-12,U032,C004,2025-08-08,2547,S2,V103,35,35.0
2025-09-12,U033,C002,2025-08-05,2027,S2,V103,25,45.0
2025-09-12,U034,,,2268,S2,V103,21,18.0
2025-09-12,U035,C004,2025-08-02,2264,S1,V103,40,23.0
2025-09-12,U036,C004,2025-08-07,1988,S3,V103,36,23.0
2025-09-12,U037,C003,2025-08-09,2492,S1,V103,17,21.0
2025-09-12,U038,,,1908,S1,V103,18,26.0
2025-09-12,U039,C001,2025-08-04,2055,S3,V103,26,13.0
2025-09-12,U040,C005,2025-08-12,1700,S1,V103,40,18.0
2025-09-12,U041,,,754,S1,V103,16,17.0
2025-09-12,U042,C001,2025-08-18,2073,S1,V103,28,8.0
2025-09-12,U043,C005,2025-08-13,2704,S2,V103,25,28.0
2025-09-12,U044,C003,2025-08-09,3103,S3,V103,29,30.0
2025-09-12,U045,,,1506,S1,V103,23,7.0
2025-09-12,U046,C005,2025-08-11,2643,S1,V103,18,41.0
2025-09-12,U047,C001,2025-08-06,2848,S3,V103,31,26.0
2025-09-12,U048,,,1523,S2,V103,24,15.0
2025-09-12,U049,C006,2025-08-05,1377,S1,V103,25,35.0
2025-09-12,U050,C002,2025-08-03,2753,S2,V103,16,8.0
2025-09-12,U051,,,2275,S3,V103,25,24.0
2025-09-12,U052,C005,2025-08-13,1511,S3,V103,15,5.0
2025-09-12,U053,C002,2025-08-10,3062,S1,V103,22,40.0
2025-09-12,U054,,,1454,S3,V103,33,19.0
2025-09-12,U055,C002,2025-08-18,1793,S1,V103,32,38.0
2025-09-12,U056,,,1370,S2,V103,23,16.0
2025-09-12,U057,C006,2025-08-06,2020,S2,V103,19,30.0
2025-09-12,U058,,,2060,S3,V103,23,42.0
2025-09-12,U059,C001,2025-08-05,2184,S2,V103,15,33.0
2025-09-12,U060,C001,2025-08-12,2806,S1,V103,29,18.0
2025-09-13,U001,C001,2025-08-14,2100,S2,V103,23,24.25
2025-09-13,U002,C001,2025-08-13,1963,S3,V103,36,19.0
2025-09-13,U003,C003,2025-08-11,1285,S3,V103,31,42.0
2025-09-13,U004,,,2659,S3,V103,28,34.0
2025-09-13,U005,C003,2025-08-18,2635,S3,V103,26,22.0
2025-09-13,U006,C002,2025-08-06,2608,S3,V103,26,44.0
2025-09-13,U007,C004,2025-08-03,2006,S2,V103,17,23.0
2025-09-13,U008,,,2072,S2,V103,29,33.0
2025-09-13,U009,C001,2025-08-11,2278,S2,V103,17,43.0
2025-09-13,U010,,,1767,S1,V103,33,13.0
2025-09-13,U011,C001,2025-08-03,1667,S1,V103,35,22.0
2025-09-13,U012,C002,2025-08-01,2288,S3,V103,13,23.0
2025-09-13,U013,C004,2025-08-19,2547,S2,V103,37,16.0
2025-09-13,U014,C004,2025-08-02,1945,S3,V103,39,38.0
2025-09-13,U015,,,2359,S3,V103,33,23.0
2025-09-13,U016,C004,2025-08-07,1135,S3,V103,32,5.0
2025-09-13,U017,,,3209,S1,V103,30,18.0
2025-09-13,U018,C005,2025-08-11,2102,S2,V103,22,9.0
2025-09-13,U019,C006,2025-08-17,1819,S3,V103,37,15.0
2025-09-13,U020,C005,2025-08-20,2848,S1,V103,35,9.0
2025-09-13,U021,,,2164,S3,V103,16,20.0
2025-09-13,U022,C006,2025-08-14,2366,S3,V103,34,26.0
2025-09-13,U023,C001,2025-08-06,762,S2,V103,12,23.0
2025-09-13,U024,,,1599,S1,V103,23,27.0
2025-09-13,U025,C004,2025-08-09,1608,S3,V103,28,43.0
2025-09-13,U026,C003,2025-08-18,2062,S2,V103,25,24.0
2025-09-13,U027,C001,2025-08-15,1681,S1,V103,33,23.0
2025-09-13,U028,C003,2025-08-01,2222,S2,V103,25,8.0
2025-09-13,U029,C001,2025-08-12,2691,S3,V103,22,9.0
2025-09-13,U030,C003,2025-08-08,1308,S1,V103,23,29.0
2025-09-13,U031,C005,2025-08-02,2121,S1,V103,19,8.0
2025-09-13,U032,C004,2025-08-08,2487,S2,V103,36,11.0
2025-09-13,U033,C002,2025-08-05,2169,S2,V103,26,26.5
2025-09-13,U034,,,2285,S2,V103,21,21.0
2025-09-13,U035,C004,2025-08-02,2232,S1,V103,41,11.33
2025-09-13,U036,C004,2025-08-07,2117,S3,V103,36,39.0
2025-09-13,U037,C003,2025-08-09,2372,S1,V103,17,19.0
2025-09-13,U038,,,2102,S1,V103,18,42.0
2025-09-13,U039,C001,2025-08-04,2067,S3,V103,27,12.5
2025-09-13,U040,C005,2025-08-12,1779,S1,V103,41,20.0
2025-09-13,U041,,,928,S1,V103,16,18.0
2025-09-13,U042,C001,2025-08-18,2236,S1,V103,28,30.0
2025-09-13,U043,C005,2025-08-13,2867,S2,V103,26,14.0
2025-09-13,U044,C003,2025-08-09,3342,S3,V103,29,17.0
2025-09-13,U045,,,1710,S1,V103,23,20.75
2025-09-13,U046,C005,2025-08-11,2767,S1,V103,18,40.0
2025-09-13,U047,C001,2025-08-06,2789,S3,V103,31,42.0
2025-09-13,U048,,,1504,S2,V103,25,33.0
2025-09-13,U049,C006,2025-08-05,1308,S1,V103,25,27.6
2025-09-13,U050,C002,2025-08-03,2652,S2,V103,16,15.0
2025-09-13,U051,,,2184,S3,V103,26,30.0
2025-09-13,U052,C005,2025-08-13,1552,S3,V103,15,42.0
2025-09-13,U053,C002,2025-08-10,3133,S1,V103,22,14.0
2025-09-13,U054,,,1337,S3,V103,33,35.0
2025-09-13,U055,C002,2025-08-18,1806,S1,V103,32,30.0
2025-09-13,U056,,,1461,S2,V103,24,28.0
2025-09-13,U057,C006,2025-08-06,2225,S2,V103,19,24.0
2025-09-13,U058,,,1985,S3,V103,23,43.0
2025-09-13,U059,C001,2025-08-05,2238,S2,V103,16,11.0
2025-09-13,U060,C001,2025-08-12,3041,S1,V103,30,5.0
2025-09-14,U001,C001,2025-08-14,2126,S2,V103,24,18.0
2025-09-14,U002,C001,2025-08-13,1934,S3,V103,36,22.0
2025-09-14,U003,C003,2025-08-11,1421,S3,V103,31,16.67
2025-09-14,U004,,,2549,S3,V103,28,38.0
2025-09-14,U005,C003,2025-08-18,2533,S3,V103,26,9.0
2025-09-14,U006,C002,2025-08-06,2690,S3,V103,26,23.0
2025-09-14,U007,C004,2025-08-03,2182,S2,V103,18,14.0
2025-09-14,U008,,,2142,S2,V103,30,16.0
2025-09-14,U009,C001,2025-08-11,2273,S2,V103,17,13.0
2025-09-14,U010,,,1718,S1,V103,33,9.0
2025-09-14,U011,C001,2025-08-03,1680,S1,V103,35,6.0
2025-09-14,U012,C002,2025-08-01,2262,S3,V103,13,30.0
2025-09-14,U013,C004,2025-08-19,2534,S2,V103,37,28.0
2025-09-14,U014,C004,2025-08-02,1891,S3,V103,39,14.0
2025-09-14,U015,,,2561,S3,V103,33,40.0
2025-09-14,U016,C004,2025-08-07,1139,S3,V103,32,45.0
2025-09-14,U017,,,3293,S1,V103,30,23.0
2025-09-14,U018,C005,2025-08-11,2207,S2,V103,23,15.0
2025-09-14,U019,C006,2025-08-17,1734,S3,V103,37,22.0
2025-09-14,U020,C005,2025-08-20,3036,S1,V103,35,39.0
2025-09-14,U021,,,2320,S3,V103,16,19.33
2025-09-14,U022,C006,2025-08-14,2275,S3,V103,35,25.0
2025-09-14,U023,C001,2025-08-06,803,S2,V103,12,42.0
2025-09-14,U024,,,1575,S1,V103,23,27.0
2025-09-14,U025,C004,2025-08-09,1818,S3,V103,29,37.0
2025-09-14,U026,C003,2025-08-18,2262,S2,V103,25,8.0
2025-09-14,U027,C001,2025-08-15,1707,S1,V103,33,26.0
2025-09-14,U028,C003,2025-08-01,2267,S2,V103,25,27.0
2025-09-14,U029,C001,2025-08-12,2764,S3,V103,22,33.0
2025-09-14,U030,C003,2025-08-08,1526,S1,V103,23,36.0
2025-09-14,U031,C005,2025-08-02,2299,S1,V103,19,24.0
2025-09-14,U032,C004,2025-08-08,2389,S2,V103,37,8.0
2025-09-14,U033,C002,2025-08-05,2231,S2,V103,26,35.0
2025-09-14,U034,,,2279,S2,V103,21,45.0
2025-09-14,U035,C004,2025-08-02,2452,S1,V103,42,5.0
2025-09-14,U036,C004,2025-08-07,2100,S3,V103,36,40.0
2025-09-14,U037,C003,2025-08-09,2338,S1,V103,17,21.0
2025-09-14,U038,,,2215,S1,V103,19,32.5
2025-09-14,U039,C001,2025-08-04,2057,S3,V103,27,19.0
2025-09-14,U040,C005,2025-08-12,1839,S1,V103,41,14.0
2025-09-14,U041,,,1116,S1,V103,17,26.0
2025-09-14,U042,C001,2025-08-18,2347,S1,V103,28,20.0
2025-09-14,U043,C005,2025-08-13,3032,S2,V103,26,44.0
2025-09-14,U044,C003,2025-08-09,3547,S3,V103,29,18.0
2025-09-14,U045,,,1707,S1,V103,23,5.0
2025-09-14,U046,C005,2025-08-11,2980,S1,V103,18,19.5
2025-09-14,U047,C001,2025-08-06,2756,S3,V103,31,7.0
2025-09-14,U048,,,1428,S2,V103,26,16.0
2025-09-14,U049,C006,2025-08-05,1343,S1,V103,25,29.0
2025-09-14,U050,C002,2025-08-03,2878,S2,V103,16,10.0
2025-09-14,U051,,,2338,S3,V103,26,32.0
2025-09-14,U052,C005,2025-08-13,1656,S3,V103,16,19.0
2025-09-14,U053,C002,2025-08-10,3312,S1,V103,22,28.0
2025-09-14,U054,,,1351,S3,V103,33,10.0
2025-09-14,U055,C002,2025-08-18,2013,S1,V103,32,30.33
2025-09-14,U056,,,1509,S2,V103,24,15.0
2025-09-14,U057,C006,2025-08-06,2155,S2,V103,20,7.0
2025-09-14,U058,,,1870,S3,V103,23,27.0
2025-09-14,U059,C001,2025-08-05,2178,S2,V103,16,28.5
2025-09-14,U060,C001,2025-08-12,3217,S1,V103,30,24.0
2025-09-15,U001,C001,2025-08-14,2102,S2,V103,24,22.0
2025-09-15,U002,C001,2025-08-13,2003,S3,V103,36,29.0
2025-09-15,U003,C003,2025-08-11,1497,S3,V103,31,14.0
2025-09-15,U004,,,2532,S3,V103,29,31.0
2025-09-15,U005,C003,2025-08-18,2774,S3,V103,26,29.0
2025-09-15,U006,C002,2025-08-06,2753,S3,V103,26,27.0
2025-09-15,U007,C004,2025-08-03,2426,S2,V103,18,23.0
2025-09-15,U008,,,2109,S2,V103,31,18.0
2025-09-15,U009,C001,2025-08-11,2389,S2,V103,17,23.0
2025-09-15,U010,,,1862,S1,V103,33,13.0
2025-09-15,U011,C001,2025-08-03,1837,S1,V103,36,42.0
2025-09-15,U012,C002,2025-08-01,2447,S3,V103,13,17.0
2025-09-15,U013,C004,2025-08-19,2766,S2,V103,37,22.5
2025-09-15,U014,C004,2025-08-02,1910,S3,V103,40,13.0
2025-09-15,U015,,,2703,S3,V103,33,9.33
2025-09-15,U016,C004,2025-08-07,1260,S3,V103,32,26.0
2025-09-15,U017,,,3471,S1,V103,30,36.0
2025-09-15,U018,C005,2025-08-11,2445,S2,V103,23,33.0
2025-09-15,U019,C006,2025-08-17,1803,S3,V103,37,41.0
2025-09-15,U020,C005,2025-08-20,3201,S1,V103,35,23.5
2025-09-15,U021,,,2570,S3,V103,16,25.0
2025-09-15,U022,C006,2025-08-14,2478,S3,V103,35,13.0
2025-09-15,U023,C001,2025-08-06,776,S2,V103,12,39.0
2025-09-15,U024,,,1682,S1,V103,24,24.0
2025-09-15,U025,C004,2025-08-09,1784,S3,V103,29,19.5
2025-09-15,U026,C003,2025-08-18,2500,S2,V103,26,22.0
2025-09-15,U027,C001,2025-08-15,1874,S1,V103,33,29.0
2025-09-15,U028,C003,2025-08-01,2494,S2,V103,25,35.0
2025-09-15,U029,C001,2025-08-12,2882,S3,V103,22,14.0
2025-09-15,U030,C003,2025-08-08,1769,S1,V103,23,32.5
2025-09-15,U031,C005,2025-08-02,2220,S1,V103,19,39.0
2025-09-15,U032,C004,2025-08-08,2378,S2,V103,37,22.0
2025-09-15,U033,C002,2025-08-05,2453,S2,V103,26,26.0
2025-09-15,U034,,,2485,S2,V103,21,41.0
2025-09-15,U035,C004,2025-08-02,2507,S1,V103,43,32.0
2025-09-15,U036,C004,2025-08-07,2158,S3,V103,37,35.0
2025-09-15,U037,C003,2025-08-09,2410,S1,V103,17,28.0
2025-09-15,U038,,,2239,S1,V103,19,35.0
2025-09-15,U039,C001,2025-08-04,2009,S3,V103,27,14.0
2025-09-15,U040,C005,2025-08-12,1768,S1,V103,41,13.0
2025-09-15,U041,,,1189,S1,V103,17,19.0
2025-09-15,U042,C001,2025-08-18,2290,S1,V103,28,11.0
2025-09-15,U043,C005,2025-08-13,2948,S2,V103,27,32.0
2025-09-15,U044,C003,2025-08-09,3494,S3,V103,29,25.0
2025-09-15,U045,,,1645,S1,V103,23,5.0
2025-09-15,U046,C005,2025-08-11,3049,S1,V103,18,14.0
2025-09-15,U047,C001,2025-08-06,2968,S3,V103,31,37.67
2025-09-15,U048,,,1662,S2,V103,26,44.0
2025-09-15,U049,C006,2025-08-05,1229,S1,V103,26,37.0
2025-09-15,U050,C002,2025-08-03,3125,S2,V103,16,20.67
2025-09-15,U051,,,2318,S3,V103,27,35.0
2025-09-15,U052,C005,2025-08-13,1843,S3,V103,17,38.0
2025-09-15,U053,C002,2025-08-10,3321,S1,V103,22,34.0
2025-09-15,U054,,,1321,S3,V103,33,37.5
2025-09-15,U055,C002,2025-08-18,1922,S1,V103,33,19.0
2025-09-15,U056,,,1472,S2,V103,24,8.0
2025-09-15,U057,C006,2025-08-06,2285,S2,V103,20,6.0
2025-09-15,U058,,,2055,S3,V103,24,7.0
2025-09-15,U059,C001,2025-08-05,2332,S2,V103,16,30.5
2025-09-15,U060,C001,2025-08-12,3269,S1,V103,30,15.0
2025-09-16,U001,C001,2025-08-14,2286,S2,V103,24,39.0
2025-09-16,U002,C001,2025-08-13,2187,S3,V103,36,21.75
2025-09-16,U003,C003,2025-08-11,1411,S3,V103,31,20.0
2025-09-16,U004,,,2430,S3,V103,29,34.0
2025-09-16,U005,C003,2025-08-18,2899,S3,V103,26,18.0
2025-09-16,U006,C002,2025-08-06,2975,S3,V103,26,34.0
2025-09-16,U007,C004,2025-08-03,2407,S2,V103,18,17.0
2025-09-16,U008,,,2321,S2,V103,32,10.0
2025-09-16,U009,C001,2025-08-11,2318,S2,V103,17,43.0
2025-09-16,U010,,,2045,S1,V103,33,40.0
2025-09-16,U011,C001,2025-08-03,2010,S1,V103,37,34.0
2025-09-16,U012,C002,2025-08-01,2617,S3,V103,14,45.0
2025-09-16,U013,C004,2025-08-19,2983,S2,V103,37,35.0
2025-09-16,U014,C004,2025-08-02,1879,S3,V103,41,43.0
2025-09-16,U015,,,2787,S3,V103,34,21.5
2025-09-16,U016,C004,2025-08-07,1257,S3,V103,32,30.0
2025-09-16,U017,,,3373,S1,V103,30,10.0
2025-09-16,U018,C005,2025-08-11,2398,S2,V103,23,17.0
2025-09-16,U019,C006,2025-08-17,1970,S3,V103,38,34.0
2025-09-16,U020,C005,2025-08-20,3091,S1,V103,36,25.0
2025-09-16,U021,,,2801,S3,V103,16,12.0
2025-09-16,U022,C006,2025-08-14,2600,S3,V103,35,37.0
2025-09-16,U023,C001,2025-08-06,817,S2,V103,12,34.0
2025-09-16,U024,,,1812,S1,V103,24,44.0
2025-09-16,U025,C004,2025-08-09,1827,S3,V103,29,32.0
2025-09-16,U026,C003,2025-08-18,2680,S2,V103,27,42.0
2025-09-16,U027,C001,2025-08-15,1940,S1,V103,33,13.0
2025-09-16,U028,C003,2025-08-01,2435,S2,V103,25,43.0
2025-09-16,U029,C001,2025-08-12,2868,S3,V103,22,25.0
2025-09-16,U030,C003,2025-08-08,1894,S1,V103,23,9.0
2025-09-16,U031,C005,2025-08-02,2135,S1,V103,19,16.0
2025-09-16,U032,C004,2025-08-08,2417,S2,V103,38,30.0
2025-09-16,U033,C002,2025-08-05,2677,S2,V103,26,17.0
2025-09-16,U034,,,2431,S2,V103,21,41.0
2025-09-16,U035,C004,2025-08-02,2577,S1,V103,44,40.0
2025-09-16,U036,C004,2025-08-07,2293,S3,V103,37,12.0
2025-09-16,U037,C003,2025-08-09,2573,S1,V103,17,27.0
2025-09-16,U038,,,2426,S1,V103,19,29.0
2025-09-16,U039,C001,2025-08-04,2166,S3,V103,27,10.0
2025-09-16,U040,C005,2025-08-12,1890,S1,V103,41,35.5
2025-09-16,U041,,,1422,S1,V103,17,15.0
2025-09-16,U042,C001,2025-08-18,2179,S1,V103,28,44.0
2025-09-16,U043,C005,2025-08-13,3167,S2,V103,27,36.0
2025-09-16,U044,C003,2025-08-09,3675,S3,V103,29,36.0
2025-09-16,U045,,,1889,S1,V103,23,7.0
2025-09-16,U046,C005,2025-08-11,3084,S1,V103,18,7.0
2025-09-16,U047,C001,2025-08-06,3108,S3,V103,31,24.0
2025-09-16,U048,,,1887,S2,V103,26,35.0
2025-09-16,U049,C006,2025-08-05,1466,S1,V103,26,8.0
2025-09-16,U050,C002,2025-08-03,3259,S2,V103,16,25.0
2025-09-16,U051,,,2448,S3,V103,27,6.0
2025-09-16,U052,C005,2025-08-13,1834,S3,V103,17,18.0
2025-09-16,U053,C002,2025-08-10,3286,S1,V103,22,23.67
2025-09-16,U054,,,1390,S3,V103,33,37.5
2025-09-16,U055,C002,2025-08-18,1945,S1,V103,33,40.0
2025-09-16,U056,,,1506,S2,V103,24,45.0
2025-09-16,U057,C006,2025-08-06,2428,S2,V103,21,23.0
2025-09-16,U058,,,2197,S3,V103,24,38.0
2025-09-16,U059,C001,2025-08-05,2502,S2,V103,16,6.0
2025-09-16,U060,C001,2025-08-12,3453,S1,V103,30,17.0
2025-09-17,U001,C001,2025-08-14,2509,S2,V103,25,17.0
2025-09-17,U002,C001,2025-08-13,2206,S3,V103,37,45.0
2025-09-17,U003,C003,2025-08-11,1431,S3,V103,31,7.0
2025-09-17,U004,,,2464,S3,V103,29,13.5
2025-09-17,U005,C003,2025-08-18,2978,S3,V103,26,28.0
2025-09-17,U006,C002,2025-08-06,3122,S3,V103,27,5.0
2025-09-17,U007,C004,2025-08-03,2508,S2,V103,18,27.0
2025-09-17,U008,,,2378,S2,V103,32,13.67
2025-09-17,U009,C001,2025-08-11,2523,S2,V103,18,30.0
2025-09-17,U010,,,2030,S1,V103,33,17.0
2025-09-17,U011,C001,2025-08-03,2079,S1,V103,37,11.0
2025-09-17,U012,C002,2025-08-01,2830,S3,V103,14,45.0
2025-09-17,U013,C004,2025-08-19,2928,S2,V103,37,19.0
2025-09-17,U014,C004,2025-08-02,1883,S3,V103,41,16.0
2025-09-17,U015,,,2693,S3,V103,34,8.0
2025-09-17,U016,C004,2025-08-07,1423,S3,V103,32,10.0
2025-09-17,U017,,,3321,S1,V103,30,6.0
2025-09-17,U018,C005,2025-08-11,2301,S2,V103,24,40.0
2025-09-17,U019,C006,2025-08-17,2196,S3,V103,38,26.0
2025-09-17,U020,C005,2025-08-20,3239,S1,V103,36,6.0
2025-09-17,U021,,,2725,S3,V103,16,41.0
2025-09-17,U022,C006,2025-08-14,2609,S3,V103,35,34.0
2025-09-17,U023,C001,2025-08-06,806,S2,V103,12,29.0
2025-09-17,U024,,,1820,S1,V103,24,23.0
2025-09-17,U025,C004,2025-08-09,1778,S3,V103,29,38.0
2025-09-17,U026,C003,2025-08-18,2858,S2,V103,27,20.0
2025-09-17,U027,C001,2025-08-15,2013,S1,V103,33,33.0
2025-09-17,U028,C003,2025-08-01,2573,S2,V103,26,40.0
2025-09-17,U029,C001,2025-08-12,3035,S3,V103,22,38.0
2025-09-17,U030,C003,2025-08-08,1978,S1,V103,24,39.0
2025-09-17,U031,C005,2025-08-02,2356,S1,V103,20,34.0
2025-09-17,U032,C004,2025-08-08,2307,S2,V103,38,28.0
2025-09-17,U033,C002,2025-08-05,2901,S2,V103,26,34.0
2025-09-17,U034,,,2473,S2,V103,21,14.0
2025-09-17,U035,C004,2025-08-02,2695,S1,V103,44,12.0
2025-09-17,U036,C004,2025-08-07,2232,S3,V103,37,35.0
2025-09-17,U037,C003,2025-08-09,2599,S1,V103,18,14.0
2025-09-17,U038,,,2658,S1,V103,20,15.0
2025-09-17,U039,C001,2025-08-04,2177,S3,V103,27,25.0
2025-09-17,U040,C005,2025-08-12,1854,S1,V103,41,28.0
2025-09-17,U041,,,1590,S1,V103,17,36.0
2025-09-17,U042,C001,2025-08-18,2378,S1,V103,28,36.0
2025-09-17,U043,C005,2025-08-13,3181,S2,V103,28,27.0
2025-09-17,U044,C003,2025-08-09,3567,S3,V103,29,26.0
2025-09-17,U045,,,1770,S1,V103,23,36.0
2025-09-17,U046,C005,2025-08-11,3044,S1,V103,18,25.0
2025-09-17,U047,C001,2025-08-06,3230,S3,V103,31,16.0
2025-09-17,U048,,,2090,S2,V103,27,18.0
2025-09-17,U049,C006,2025-08-05,1395,S1,V103,26,37.0
2025-09-17,U050,C002,2025-08-03,3391,S2,V103,16,23.0
2025-09-17,U051,,,2482,S3,V103,28,36.0
2025-09-17,U052,C005,2025-08-13,1820,S3,V103,17,11.0
2025-09-17,U053,C002,2025-08-10,3384,S1,V103,22,28.0
2025-09-17,U054,,,1357,S3,V103,33,25.0
2025-09-17,U055,C002,2025-08-18,1838,S1,V103,33,19.0
2025-09-17,U056,,,1514,S2,V103,25,33.0
2025-09-17,U057,C006,2025-08-06,2652,S2,V103,21,24.0
2025-09-17,U058,,,2088,S3,V103,25,32.0
2025-09-17,U059,C001,2025-08-05,2628,S2,V103,16,29.0
2025-09-17,U060,C001,2025-08-12,3684,S1,V103,30,22.0
2025-09-18,U001,C001,2025-08-14,2399,S2,V103,25,18.5
2025-09-18,U002,C001,2025-08-13,2280,S3,V103,38,16.0
2025-09-18,U003,C003,2025-08-11,1381,S3,V103,31,17.0
2025-09-18,U004,,,2390,S3,V103,29,16.67
2025-09-18,U005,C003,2025-08-18,3169,S3,V103,26,43.0
2025-09-18,U006,C002,2025-08-06,3194,S3,V103,27,27.0
2025-09-18,U007,C004,2025-08-03,2706,S2,V103,18,19.0
2025-09-18,U008,,,2529,S2,V103,33,6.0
2025-09-18,U009,C001,2025-08-11,2681,S2,V103,18,30.0
2025-09-18,U010,,,2097,S1,V103,33,29.0
2025-09-18,U011,C001,2025-08-03,2103,S1,V103,37,20.0
2025-09-18,U012,C002,2025-08-01,2776,S3,V103,14,18.0
2025-09-18,U013,C004,2025-08-19,3125,S2,V103,38,18.0
2025-09-18,U014,C004,2025-08-02,2100,S3,V103,42,10.0
2025-09-18,U015,,,2903,S3,V103,34,22.2
2025-09-18,U016,C004,2025-08-07,1435,S3,V103,32,39.0
2025-09-18,U017,,,3266,S1,V103,31,31.0
2025-09-18,U018,C005,2025-08-11,2292,S2,V103,24,33.0
2025-09-18,U019,C006,2025-08-17,2104,S3,V103,39,17.0
2025-09-18,U020,C005,2025-08-20,3474,S1,V103,36,13.0
2025-09-18,U021,,,2873,S3,V103,16,36.0
2025-09-18,U022,C006,2025-08-14,2856,S3,V103,35,23.0
2025-09-18,U023,C001,2025-08-06,975,S2,V103,12,28.0
2025-09-18,U024,,,1887,S1,V103,24,11.0
2025-09-18,U025,C004,2025-08-09,1684,S3,V103,29,30.67
2025-09-18,U026,C003,2025-08-18,2751,S2,V103,28,10.0
2025-09-18,U027,C001,2025-08-15,2143,S1,V103,33,9.0
2025-09-18,U028,C003,2025-08-01,2654,S2,V103,26,25.0
2025-09-18,U029,C001,2025-08-12,3072,S3,V103,23,24.0
2025-09-18,U030,C003,2025-08-08,1904,S1,V103,24,26.0
2025-09-18,U031,C005,2025-08-02,2286,S1,V103,20,21.0
2025-09-18,U032,C004,2025-08-08,2195,S2,V103,39,28.0
2025-09-18,U033,C002,2025-08-05,2857,S2,V103,26,30.0
2025-09-18,U034,,,2691,S2,V103,22,41.0
2025-09-18,U035,C004,2025-08-02,2584,S1,V103,44,35.0
2025-09-18,U036,C004,2025-08-07,2389,S3,V103,37,43.0
2025-09-18,U037,C003,2025-08-09,2584,S1,V103,18,22.0
2025-09-18,U038,,,2888,S1,V103,21,26.0
2025-09-18,U039,C001,2025-08-04,2372,S3,V103,27,38.0
2025-09-18,U040,C005,2025-08-12,1987,S1,V103,41,42.0
2025-09-18,U041,,,1788,S1,V103,17,45.0
2025-09-18,U042,C001,2025-08-18,2530,S1,V103,29,28.0
2025-09-18,U043,C005,2025-08-13,3234,S2,V103,28,35.0
2025-09-18,U044,C003,2025-08-09,3610,S3,V103,29,26.0
2025-09-18,U045,,,1918,S1,V103,23,10.0
2025-09-18,U046,C005,2025-08-11,2930,S1,V103,18,32.0
2025-09-18,U047,C001,2025-08-06,3375,S3,V103,32,18.0
2025-09-18,U048,,,2186,S2,V103,27,23.0
2025-09-18,U049,C006,2025-08-05,1353,S1,V103,27,22.0
2025-09-18,U050,C002,2025-08-03,3592,S2,V103,16,30.0
2025-09-18,U051,,,2644,S3,V103,28,35.0
2025-09-18,U052,C005,2025-08-13,1896,S3,V103,17,29.0
2025-09-18,U053,C002,2025-08-10,3294,S1,V103,23,23.33
2025-09-18,U054,,,1558,S3,V103,33,21.5
2025-09-18,U055,C002,2025-08-18,1944,S1,V103,33,30.0
2025-09-18,U056,,,1579,S2,V103,26,35.0
2025-09-18,U057,C006,2025-08-06,2640,S2,V103,21,38.0
2025-09-18,U058,,,2204,S3,V103,25,27.5
2025-09-18,U059,C001,2025-08-05,2799,S2,V103,16,20.0
2025-09-18,U060,C001,2025-08-12,3684,S1,V103,30,35.0
2025-09-19,U001,C001,2025-08-14,2363,S2,V103,25,24.0
2025-09-19,U002,C001,2025-08-13,2287,S3,V103,38,5.0
2025-09-19,U003,C003,2025-08-11,1432,S3,V103,32,31.17
2025-09-19,U004,,,2453,S3,V103,29,45.0
2025-09-19,U005,C003,2025-08-18,3245,S3,V103,27,37.0
2025-09-19,U006,C002,2025-08-06,3110,S3,V103,27,7.0
2025-09-19,U007,C004,2025-08-03,2801,S2,V103,18,16.0
2025-09-19,U008,,,2531,S2,V103,33,44.0
2025-09-19,U009,C001,2025-08-11,2578,S2,V103,18,37.0
2025-09-19,U010,,,2215,S1,V103,33,26.0
2025-09-19,U011,C001,2025-08-03,2222,S1,V103,37,25.5
2025-09-19,U012,C002,2025-08-01,2714,S3,V103,14,18.0
2025-09-19,U013,C004,2025-08-19,3082,S2,V103,38,17.67
2025-09-19,U014,C004,2025-08-02,2152,S3,V103,43,28.0
2025-09-19,U015,,,3093,S3,V103,34,7.0
2025-09-19,U016,C004,2025-08-07,1446,S3,V103,33,30.0
2025-09-19,U017,,,3369,S1,V103,31,43.0
2025-09-19,U018,C005,2025-08-11,2469,S2,V103,24,12.0
2025-09-19,U019,C006,2025-08-17,2299,S3,V103,39,40.0
2025-09-19,U020,C005,2025-08-20,3460,S1,V103,37,8.0
2025-09-19,U021,,,2868,S3,V103,17,32.0
2025-09-19,U022,C006,2025-08-14,2954,S3,V103,35,18.0
2025-09-19,U023,C001,2025-08-06,892,S2,V103,12,6.0
2025-09-19,U024,,,1967,S1,V103,24,21.0
2025-09-19,U025,C004,2025-08-09,1913,S3,V103,30,27.0
2025-09-19,U026,C003,2025-08-18,2707,S2,V103,29,36.33
2025-09-19,U027,C001,2025-08-15,2378,S1,V103,33,24.0
2025-09-19,U028,C003,2025-08-01,2854,S2,V103,26,30.0
2025-09-19,U029,C001,2025-08-12,3214,S3,V103,23,25.75
2025-09-19,U030,C003,2025-08-08,2086,S1,V103,24,25.5
2025-09-19,U031,C005,2025-08-02,2374,S1,V103,21,7.0
2025-09-19,U032,C004,2025-08-08,2099,S2,V103,39,25.0
2025-09-19,U033,C002,2025-08-05,3013,S2,V103,27,19.67
2025-09-19,U034,,,2624,S2,V103,22,35.0
2025-09-19,U035,C004,2025-08-02,2803,S1,V103,44,12.0
2025-09-19,U036,C004,2025-08-07,2613,S3,V103,37,27.0
2025-09-19,U037,C003,2025-08-09,2800,S1,V103,18,41.0
2025-09-19,U038,,,2899,S1,V103,21,34.0
2025-09-19,U039,C001,2025-08-04,2447,S3,V103,27,13.5
2025-09-19,U040,C005,2025-08-12,2030,S1,V103,41,45.0
2025-09-19,U041,,,1731,S1,V103,17,44.0
2025-09-19,U042,C001,2025-08-18,2489,S1,V103,30,17.0
2025-09-19,U043,C005,2025-08-13,3415,S2,V103,28,13.0
2025-09-19,U044,C003,2025-08-09,3596,S3,V103,29,13.0
2025-09-19,U045,,,2097,S1,V103,24,6.0
2025-09-19,U046,C005,2025-08-11,3011,S1,V103,18,26.33
2025-09-19,U047,C001,2025-08-06,3589,S3,V103,32,19.0
2025-09-19,U048,,,2098,S2,V103,27,25.0
2025-09-19,U049,C006,2025-08-05,1342,S1,V103,28,20.0
2025-09-19,U050,C002,2025-08-03,3656,S2,V103,16,6.0
2025-09-19,U051,,,2564,S3,V103,28,20.0
2025-09-19,U052,C005,2025-08-13,2048,S3,V103,17,37.0
2025-09-19,U053,C002,2025-08-10,3174,S1,V103,23,14.0
2025-09-19,U054,,,1670,S3,V103,34,9.0
2025-09-19,U055,C002,2025-08-18,2153,S1,V103,33,24.0
2025-09-19,U056,,,1774,S2,V103,26,43.0
2025-09-19,U057,C006,2025-08-06,2852,S2,V103,21,28.0
2025-09-19,U058,,,2196,S3,V103,25,35.33
2025-09-19,U059,C001,2025-08-05,2784,S2,V103,16,15.0
2025-09-19,U060,C001,2025-08-12,3705,S1,V103,31,14.0
2025-09-20,U001,C001,2025-08-14,2349,S2,V103,25,37.0
2025-09-20,U002,C001,2025-08-13,2462,S3,V103,38,15.0
2025-09-20,U003,C003,2025-08-11,1331,S3,V103,33,40.0
2025-09-20,U004,,,2702,S3,V103,29,19.0
2025-09-20,U005,C003,2025-08-18,3461,S3,V103,27,34.0
2025-09-20,U006,C002,2025-08-06,3263,S3,V103,27,15.75
2025-09-20,U007,C004,2025-08-03,2786,S2,V103,18,23.0
2025-09-20,U008,,,2710,S2,V103,33,16.0
2025-09-20,U009,C001,2025-08-11,2819,S2,V103,18,33.0
2025-09-20,U010,,,2144,S1,V103,34,30.0
2025-09-20,U011,C001,2025-08-03,2178,S1,V103,37,16.0
2025-09-20,U012,C002,2025-08-01,2632,S3,V103,15,19.0
2025-09-20,U013,C004,2025-08-19,3191,S2,V103,38,12.0
2025-09-20,U014,C004,2025-08-02,2400,S3,V103,43,10.5
2025-09-20,U015,,,3140,S3,V103,34,8.0
2025-09-20,U016,C004,2025-08-07,1599,S3,V103,33,28.0
2025-09-20,U017,,,3510,S1,V103,31,15.0
2025-09-20,U018,C005,2025-08-11,2426,S2,V103,24,21.0
2025-09-20,U019,C006,2025-08-17,2381,S3,V103,39,39.0
2025-09-20,U020,C005,2025-08-20,3591,S1,V103,37,34.0
2025-09-20,U021,,,3050,S3,V103,18,42.0
2025-09-20,U022,C006,2025-08-14,3109,S3,V103,35,24.0
2025-09-20,U023,C001,2025-08-06,1063,S2,V103,12,11.0
2025-09-20,U024,,,2113,S1,V103,24,42.0
2025-09-20,U025,C004,2025-08-09,1917,S3,V103,30,5.0
2025-09-20,U026,C003,2025-08-18,2850,S2,V103,29,6.0
2025-09-20,U027,C001,2025-08-15,2471,S1,V103,33,6.0
2025-09-20,U028,C003,2025-08-01,2735,S2,V103,27,41.0
2025-09-20,U029,C001,2025-08-12,3449,S3,V103,23,26.0
2025-09-20,U030,C003,2025-08-08,2005,S1,V103,24,19.0
2025-09-20,U031,C005,2025-08-02,2292,S1,V103,21,6.0
2025-09-20,U032,C004,2025-08-08,2057,S2,V103,39,45.0
2025-09-20,U033,C002,2025-08-05,2912,S2,V103,27,41.0
2025-09-20,U034,,,2707,S2,V103,22,30.0
2025-09-20,U035,C004,2025-08-02,2843,S1,V103,44,5.0
2025-09-20,U036,C004,2025-08-07,2802,S3,V103,37,8.0
2025-09-20,U037,C003,2025-08-09,2924,S1,V103,18,24.0
2025-09-20,U038,,,3027,S1,V103,21,9.0
2025-09-20,U039,C001,2025-08-04,2561,S3,V103,27,37.0
2025-09-20,U040,C005,2025-08-12,2034,S1,V103,41,21.5
2025-09-20,U041,,,1942,S1,V103,17,41.0
2025-09-20,U042,C001,2025-08-18,2644,S1,V103,31,41.0
2025-09-20,U043,C005,2025-08-13,3555,S2,V103,28,23.0
2025-09-20,U044,C003,2025-08-09,3621,S3,V103,29,27.0
2025-09-20,U045,,,2236,S1,V103,24,12.0
2025-09-20,U046,C005,2025-08-11,3162,S1,V103,18,39.0
2025-09-20,U047,C001,2025-08-06,3552,S3,V103,32,42.0
2025-09-20,U048,,,2097,S2,V103,27,18.0
2025-09-20,U049,C006,2025-08-05,1514,S1,V103,28,10.0
2025-09-20,U050,C002,2025-08-03,3707,S2,V103,17,37.0
2025-09-20,U051,,,2587,S3,V103,28,12.0
2025-09-20,U052,C005,2025-08-13,2098,S3,V103,17,26.0
2025-09-20,U053,C002,2025-08-10,3182,S1,V103,23,27.5
2025-09-20,U054,,,1725,S3,V103,34,20.5
2025-09-20,U055,C002,2025-08-18,2228,S1,V103,34,25.33
2025-09-20,U056,,,1759,S2,V103,27,26.0
2025-09-20,U057,C006,2025-08-06,3032,S2,V103,22,34.0
2025-09-20,U058,,,2099,S3,V103,25,20.5
2025-09-20,U059,C001,2025-08-05,2725,S2,V103,16,40.0
2025-09-20,U060,C001,2025-08-12,3736,S1,V103,32,31.0
